campaign,data_source,channel,objective
Business-focused zero tolerance architecture,StackAdapt,Programmatic,Retention
Persistent 24/7 attitude,StackAdapt,Programmatic,Consideration
Integrated dedicated contingency,Amazon Ad Server (Sizmek),Programmatic,Retention
Profound intangible policy,Amazon Ad Server (Sizmek),Programmatic,Awareness
Centralized modular throughput,Google Display & Video 360,Programmatic,Awareness
Automated uniform software,Google Display & Video 360,Programmatic,Awareness
Cross-platform static hierarchy,Google Search Ads 360,Paid Search,Retention
Networked value-added time-frame,Google Search Ads 360,Paid Search,Retention
Optimized multi-state functionality,Bing Ads (Microsoft Advertising),Paid Search,Awareness
Visionary holistic protocol,Bing Ads (Microsoft Advertising),Paid Search,Conversion
Customer-centric responsive paradigm,Facebook,Paid Social,Consideration
Streamlined empowering interface,Facebook,Paid Social,Awareness
Robust transitional groupware,LinkedIn Ads,Paid Social,Consideration
Adaptive systemic projection,LinkedIn Ads,Paid Social,Awareness
Brand keywords - non-paid,Organic Search,Organic,Conversion
Long-tail content traffic,Organic Search,Organic,Consideration
